sitemap_url,pages
https://www.hertz.fi/sitemap.xml,8732
https://www.24rent.fi/sitemap.xml,2378
https://www.avis.fi/sitemap.xml,186
https://gomore.fi/sitemap.xml,0
https://www.autorentti.fi/sitemap.xml,15
https://www.momondo.fi/sitemap.xml,32
https://www.rentcenter.net/sitemap.xml,215
https://www.fi.kayak.com/sitemap.xml,41
https://www.sixt.fi/sitemap.xml,3534
https://scandiarent.fi/sitemap.xml,983
https://www.europcar.fi/sitemap.xml,6080
https://www.finnrent.fi/sitemap.xml,257
https://www.economybookings.com/sitemap.xml,0
https://www.enterprise.fi/sitemap.xml,120
https://www.ebookers.fi/sitemap.xml,0
https://www.rentalcars.com/sitemap.xml,0
https://www.mprent.fi/sitemap.xml,0
https://www.autoeurope.fi/sitemap.xml,0
https://www.halpavuokraauto.fi/sitemap.xml,1421
https://www.skyscanner.fi/sitemap.xml,0
https://www.expedia.fi/sitemap.xml,0
https://www.kimppa.net/sitemap.xml,633
https://www.discovercars.com/sitemap.xml,0
https://visittampere.fi/sitemap.xml,3094
https://www.booking.com/sitemap.xml,0
https://www.fonecta.fi/sitemap.xml,0
https://www.budget.fi/sitemap.xml,124
https://fi.easyterra.com/sitemap.xml,6813
https://www.stressfreecarrental.com/sitemap.xml,0
https://www.finland-carhire.com/sitemap.xml,2560
https://rentobiili.fi/sitemap.xml,21
https://www.elorent.fi/sitemap.xml,71
https://www.holidaycars.com/sitemap.xml,0
https://www.alerent.fi/sitemap.xml,0
https://www.cylex.fi/sitemap.xml,0
https://www.hygglo.fi/sitemap.xml,22
https://www.rentalcargroup.com/sitemap.xml,352
https://goautos.fi/sitemap.xml,2179
https://autot.tori.fi/sitemap.xml,0
https://www.finder.fi/sitemap.xml,0
https://bino.fi/sitemap.xml,164
https://luckycar.com/sitemap.xml,251702
https://rentogo.fi/sitemap.xml,88
https://gifthere.net/sitemap.xml,1221
https://www.carflexi.com/sitemap.xml,0
https://omago.fi/sitemap.xml,727
https://www.kiwi.com/sitemap.xml,1919434
https://www.toyotatammerauto.fi/sitemap.xml,0
https://www.carngo.com/sitemap.xml,0
https://www.autonvuokraus-online.fi/sitemap.xml,6839
https://www.vr.fi/sitemap.xml,0
https://rental24h.com/sitemap.xml,0
https://www.vietskitchen.fi/sitemap.xml,0
https://www.lansiauto.fi/sitemap.xml,1111
https://www.neste.fi/sitemap.xml,1664
https://keskustelu.suomi24.fi/sitemap.xml,0
https://24go.fi/sitemap.xml,0
https://www.pakukympilla.fi/sitemap.xml,20
https://beely.fi/sitemap.xml,3842
https://www.pakuovelle.com/sitemap.xml,0
https://xbil.fi/sitemap.xml,2440
https://bookingauto.com/sitemap.xml,3631506
https://www.puuilo.fi/sitemap.xml,60968
https://www.tehy.fi/sitemap.xml,3825
https://www.veho.fi/sitemap.xml,344
https://www.k-auto.fi/sitemap.xml,6290
https://www.motonet.fi/sitemap.xml,0
https://www.wetteri.fi/sitemap.xml,0
https://www.nelipyora.fi/sitemap.xml,13379
https://kodisto.fi/sitemap.xml,2
https://autot.veho.fi/sitemap.xml,0
https://www.tokmanni.fi/sitemap.xml,0
https://www.aurinkomatkat.fi/sitemap.xml,0
https://www.autobassadone.fi/sitemap.xml,572
https://www.tui.fi/sitemap.xml,0
https://www.joo-kodit.fi/sitemap.xml,12097
https://www.finnairshop.com/sitemap.xml,0
https://autokeskus.fi/sitemap.xml,1853
https://www.op.fi/sitemap.xml,6378
https://www.hedinautomotive.fi/sitemap.xml,5681
https://bestcaravan.fi/sitemap.xml,0
https://www.kamux.fi/sitemap.xml,1121
